"","Biome","yhat"
"1","1",11.4277274142021
"2","2",10.4085736763947
"3","3",12.1023318628541
"4","4",11.7121116020704
"5","5",10.3400535956814
"6","6",10.434043228724
"7","7",11.0220285829025
